name,top1,top3
Logistic Regression,0.6078431372549019,0.9117647058823529
Random Forest,0.6666666666666666,1.0
