name,top1,top3
Logistic Regression,0.5409836065573771,0.9049180327868852
Random Forest,0.6360655737704918,0.9508196721311475
